-- MySQL dump 10.13  Distrib 5.5.42, for osx10.6 (i386)
--
-- Host: localhost    Database: ffs_db
-- ------------------------------------------------------
-- Server version	5.5.42

/*!40101 SET @OLD_CHARACTER_SET_CLIENT=@@CHARACTER_SET_CLIENT */;
/*!40101 SET @OLD_CHARACTER_SET_RESULTS=@@CHARACTER_SET_RESULTS */;
/*!40101 SET @OLD_COLLATION_CONNECTION=@@COLLATION_CONNECTION */;
/*!40101 SET NAMES utf8 */;
/*!40103 SET @OLD_TIME_ZONE=@@TIME_ZONE */;
/*!40103 SET TIME_ZONE='+00:00' */;
/*!40014 SET @OLD_UNIQUE_CHECKS=@@UNIQUE_CHECKS, UNIQUE_CHECKS=0 */;
/*!40014 SET @OLD_FOREIGN_KEY_CHECKS=@@FOREIGN_KEY_CHECKS, FOREIGN_KEY_CHECKS=0 */;
/*!40101 SET @OLD_SQL_MODE=@@SQL_MODE, SQL_MODE='NO_AUTO_VALUE_ON_ZERO' */;
/*!40111 SET @OLD_SQL_NOTES=@@SQL_NOTES, SQL_NOTES=0 */;

--
-- Dumping data for table `administrators`
--

LOCK TABLES `administrators` WRITE;
/*!40000 ALTER TABLE `administrators` DISABLE KEYS */;
/*!40000 ALTER TABLE `administrators` ENABLE KEYS */;
UNLOCK TABLES;

--
-- Dumping data for table `label_task`
--

LOCK TABLES `label_task` WRITE;
/*!40000 ALTER TABLE `label_task` DISABLE KEYS */;
REPLACE INTO `label_task` (`id`, `label_id`, `task_id`) VALUES (1,1,21),(2,10,27),(3,8,11),(4,10,50),(5,6,38),(6,10,35),(7,1,25),(8,7,23),(9,7,25),(10,9,46),(11,5,26),(12,6,25),(13,5,2),(14,1,2),(15,9,15),(16,1,50),(17,2,40),(18,9,46),(19,7,26),(20,4,19),(21,4,42),(22,1,41),(23,3,19),(24,10,6),(25,8,43),(26,7,34),(27,5,37),(28,8,33),(29,5,42),(30,5,26),(31,7,30),(32,5,13),(33,6,30),(34,6,14),(35,1,41),(36,6,12),(37,1,43),(38,1,49),(39,4,10),(40,4,48),(41,4,42),(42,1,23),(43,6,18),(44,6,15),(45,1,33),(46,6,25),(47,4,33),(48,5,26),(49,1,20),(50,4,29);
/*!40000 ALTER TABLE `label_task` ENABLE KEYS */;
UNLOCK TABLES;

--
-- Dumping data for table `labels`
--

LOCK TABLES `labels` WRITE;
/*!40000 ALTER TABLE `labels` DISABLE KEYS */;
REPLACE INTO `labels` (`id`, `created_at`, `updated_at`, `name`) VALUES (1,'2015-06-29 19:25:24','2015-06-29 19:25:24','Qui nam id tempora omnis sed.'),(2,'2015-06-29 19:25:24','2015-06-29 19:25:24','Hic molestias aperiam voluptatibus.'),(3,'2015-06-29 19:25:24','2015-06-29 19:25:24','Deserunt ut quam inventore iure cupiditate.'),(4,'2015-06-29 19:25:24','2015-06-29 19:25:24','Minima perferendis non quibusdam voluptas.'),(5,'2015-06-29 19:25:24','2015-06-29 19:25:24','Quia eos laudantium rem.'),(6,'2015-06-29 19:25:24','2015-06-29 19:25:24','Earum dicta fugiat consequatur.'),(7,'2015-06-29 19:25:24','2015-06-29 19:25:24','Pariatur consequatur et.'),(8,'2015-06-29 19:25:24','2015-06-29 19:25:24','Culpa et in consequuntur.'),(9,'2015-06-29 19:25:24','2015-06-29 19:25:24','Ea repudiandae repellat inventore.'),(10,'2015-06-29 19:25:24','2015-06-29 19:25:24','Aliquid repellendus occaecati nemo.');
/*!40000 ALTER TABLE `labels` ENABLE KEYS */;
UNLOCK TABLES;

--
-- Dumping data for table `migrations`
--

LOCK TABLES `migrations` WRITE;
/*!40000 ALTER TABLE `migrations` DISABLE KEYS */;
REPLACE INTO `migrations` (`migration`, `batch`) VALUES ('2014_10_12_000000_create_users_table',1),('2014_10_12_100000_create_password_resets_table',1),('2014_10_12_104748_create_administrators_table',1),('2015_06_12_031522_create_tasks_table',1),('2015_06_12_165807_create_projects_table',1),('2015_06_17_185929_create_labels_table',1),('2015_06_17_190148_create_label_task_table',1),('2015_06_17_190148_create_task_task_table',1);
/*!40000 ALTER TABLE `migrations` ENABLE KEYS */;
UNLOCK TABLES;

--
-- Dumping data for table `password_resets`
--

LOCK TABLES `password_resets` WRITE;
/*!40000 ALTER TABLE `password_resets` DISABLE KEYS */;
/*!40000 ALTER TABLE `password_resets` ENABLE KEYS */;
UNLOCK TABLES;

--
-- Dumping data for table `projects`
--

LOCK TABLES `projects` WRITE;
/*!40000 ALTER TABLE `projects` DISABLE KEYS */;
/*!40000 ALTER TABLE `projects` ENABLE KEYS */;
UNLOCK TABLES;

--
-- Dumping data for table `task_task`
--

LOCK TABLES `task_task` WRITE;
/*!40000 ALTER TABLE `task_task` DISABLE KEYS */;
/*!40000 ALTER TABLE `task_task` ENABLE KEYS */;
UNLOCK TABLES;

--
-- Dumping data for table `tasks`
--

LOCK TABLES `tasks` WRITE;
/*!40000 ALTER TABLE `tasks` DISABLE KEYS */;
REPLACE INTO `tasks` (`id`, `created_at`, `updated_at`, `title`, `isDone`, `user_id`, `content`, `date_string`, `date_lang`, `due_date_utc`, `start_date_utc`, `collapsed`, `indent`, `priority`, `order`, `parent`, `assigned_by_uid`, `responsible_uid`, `color_hex`) VALUES (1,'2015-06-29 19:25:24','2015-06-29 19:25:24','Qui asperiores nemo facere dolores voluptatem.',0,9,'Vel qui temporibus et nulla sit aut. Aut in voluptates omnis quasi tenetur reprehenderit quia. Quos non iure harum ducimus eum veniam ut. Quia ducimus magni velit consectetur soluta asperiores aliquid. Sit soluta aut ut beatae nihil ea. Nesciunt dolor harum velit et.','after the 1st of July','en','2004-06-02T16:24:56+0000','1999-04-02T12:07:46+0000',0,1,4,28,7,9,1,'00aef3'),(2,'2015-06-29 19:25:24','2015-06-29 19:25:24','Sed corporis vero officiis veritatis repudiandae.',0,3,'Facilis dolores quis vitae quo dicta dolorem praesentium ad. Autem aspernatur sed et ab sint omnis. Qui fugit eius mollitia commodi sed ratione. Molestiae quia possimus fugiat temporibus dolorem est ut in. Ut nam ipsum nihil placeat.','after the 1st of July','en','1973-07-02T22:57:07+0000','1997-09-03T06:44:04+0000',1,2,7,9,10,4,1,'00aef3'),(3,'2015-06-29 19:25:24','2015-06-29 19:25:24','Rem nisi id voluptas velit provident reiciendis sit.',0,4,'Veniam molestiae placeat aut quae nemo et. Repellendus fugiat quis deleniti voluptatem quas ipsa. Voluptates ut consequatur aperiam. Deleniti nulla maiores facere amet perferendis et repellat impedit. Suscipit occaecati maxime porro.','after the 1st of July','en','1973-10-10T21:44:23+0000','1993-07-09T15:29:51+0000',0,8,1,7,8,9,1,'00aef3'),(4,'2015-06-29 19:25:24','2015-06-29 19:25:24','Quos et dolores voluptate temporibus et natus.',0,5,'Consectetur doloribus ipsam cupiditate magnam perspiciatis ducimus rerum. Mollitia laudantium doloremque occaecati esse natus cupiditate. Necessitatibus incidunt quasi rerum. Perferendis iure praesentium aliquam ratione. Quas pariatur enim ratione repellat.','after the 1st of July','en','1996-11-09T16:34:58+0000','1998-10-31T22:43:53+0000',0,3,9,13,8,9,1,'00aef3'),(5,'2015-06-29 19:25:24','2015-06-29 19:25:24','Beatae in quia sit temporibus laudantium.',1,4,'Dolor assumenda necessitatibus id libero eaque praesentium. Et perspiciatis consectetur ut dicta temporibus voluptatem. Earum quas ea rerum amet repudiandae in. Veritatis tenetur quae nostrum enim accusamus aliquid vitae neque.','after the 1st of July','en','2007-04-19T04:04:47+0000','1979-12-21T15:14:49+0000',1,3,7,24,6,9,3,'00aef3'),(6,'2015-06-29 19:25:24','2015-06-29 19:25:24','Quae molestiae non aut.',0,7,'Minus sint quia at voluptatem libero et porro. Ipsum labore suscipit voluptatum cumque hic delectus ipsum. Porro qui in accusantium et neque. Tempora sit voluptate dignissimos ullam quo. Quia dolorem id occaecati reprehenderit id qui.','after the 1st of July','en','1975-05-21T03:21:34+0000','2002-02-05T09:33:36+0000',0,5,1,29,7,4,2,'00aef3'),(7,'2015-06-29 19:25:24','2015-06-29 19:25:24','Ut omnis neque quo aut atque beatae sed animi.',1,2,'Corporis inventore hic aut corporis. Eligendi et tenetur harum ipsa. Sit ducimus adipisci quia amet soluta. Fuga eos omnis cum vel atque iusto dolore dolor.','after the 1st of July','en','2014-02-03T00:52:51+0000','2003-05-23T17:48:18+0000',1,10,8,6,5,4,0,'00aef3'),(8,'2015-06-29 19:25:24','2015-06-29 19:25:24','Impedit et non quisquam magnam minus laborum dolores.',1,3,'Ut et enim repellendus et ut consequuntur. Neque amet esse sint ipsa fuga maiores ad. Fugit perspiciatis dolor aut doloremque aut atque.','after the 1st of July','en','2013-10-10T00:28:17+0000','2002-06-17T09:58:02+0000',0,9,2,17,1,5,2,'00aef3'),(9,'2015-06-29 19:25:24','2015-06-29 19:25:24','Est doloribus necessitatibus rerum molestiae deleniti.',1,8,'Architecto quis consequuntur neque ut. Quia minima corporis officiis molestias laboriosam voluptatem. Quisquam dolores reprehenderit eos sint dolorum itaque dolorum. Amet rerum ut sunt dolorem et porro.','after the 1st of July','en','2013-09-27T09:01:49+0000','1972-01-10T14:01:00+0000',1,4,10,25,0,9,0,'00aef3'),(10,'2015-06-29 19:25:24','2015-06-29 19:25:24','Dolore voluptatum maxime error facere.',0,7,'Est harum est occaecati sapiente voluptates. Consectetur voluptatem pariatur aut. Deleniti vel facilis odio sequi dolorem aut. Accusantium iure perspiciatis consequatur impedit ea deleniti nemo. Corporis et id beatae dicta. A molestiae perspiciatis dolores quia aspernatur.','after the 1st of July','en','2008-11-08T15:19:58+0000','1977-08-28T07:07:40+0000',1,8,2,17,5,9,3,'00aef3'),(11,'2015-06-29 19:25:24','2015-06-29 19:25:24','Perferendis quam vero eos voluptas illo.',1,9,'Quasi aliquam sequi quaerat. Magnam porro similique necessitatibus. Harum rerum cumque architecto esse autem. Nam aliquid ut veniam suscipit facilis in sed.','after the 1st of July','en','1977-04-18T13:15:00+0000','1991-07-28T17:13:54+0000',0,2,10,12,3,7,2,'00aef3'),(12,'2015-06-29 19:25:24','2015-06-29 19:25:24','Quia quis delectus dolore qui.',1,7,'Hic autem numquam eaque atque. Qui sed voluptatem sit et iste blanditiis nisi. Facere laborum ut explicabo reprehenderit vero ratione corrupti ut. Aut odio placeat voluptatem quo facilis nam sapiente.','after the 1st of July','en','1993-09-01T17:00:56+0000','2015-03-20T06:04:50+0000',1,10,7,22,7,8,3,'00aef3'),(13,'2015-06-29 19:25:24','2015-06-29 19:25:24','Excepturi similique dolor non dolor ratione adipisci.',1,1,'Voluptas tenetur ipsa sint. Deserunt recusandae voluptatem reiciendis laudantium animi expedita et. Qui quia corporis corporis est molestias repellat inventore. Accusamus nobis optio eveniet quis. Recusandae quod eos illo eos.','after the 1st of July','en','1986-01-19T17:16:54+0000','1995-06-17T07:22:32+0000',0,1,9,27,1,10,1,'00aef3'),(14,'2015-06-29 19:25:24','2015-06-29 19:25:24','Voluptas illo autem quis eaque.',0,2,'Quam eius reiciendis cum earum qui a. Quaerat in voluptas nihil fuga aut ut. Numquam optio laborum eveniet quisquam. Hic et velit dignissimos nulla qui. Perferendis ea harum modi ut doloremque provident.','after the 1st of July','en','1988-03-20T09:19:57+0000','1994-07-09T09:08:17+0000',1,6,3,9,10,5,0,'00aef3'),(15,'2015-06-29 19:25:24','2015-06-29 19:25:24','Voluptate voluptates ut quaerat deleniti voluptas.',1,9,'Fugit quos ipsam iste. Vitae pariatur inventore porro consequatur sit ut. Illum non autem enim vero veritatis dolores repellendus. Saepe odio cumque magnam. Eum quo hic quis delectus.','after the 1st of July','en','1994-09-17T20:07:33+0000','1976-08-21T19:42:32+0000',1,6,2,9,8,9,0,'00aef3'),(16,'2015-06-29 19:25:24','2015-06-29 19:25:24','Ea rerum quo magni earum omnis rerum maxime.',1,8,'Magnam qui et possimus et. Aut asperiores asperiores fugiat consequuntur quod eveniet. Amet culpa voluptas non et sit ipsum perferendis. Sunt praesentium omnis consequatur nesciunt vel voluptatem. Ad fugit quae eligendi voluptatem tenetur animi.','after the 1st of July','en','2003-09-30T08:49:30+0000','1993-08-10T10:24:33+0000',0,4,7,25,3,4,1,'00aef3'),(17,'2015-06-29 19:25:24','2015-06-29 19:25:24','Dicta beatae quis assumenda consequuntur pariatur quia inventore.',0,5,'Velit veniam sapiente mollitia quis est aliquam excepturi totam. Incidunt quae commodi aperiam consequuntur. Ratione quaerat et est nostrum nobis tempore. Nam laboriosam doloremque aut vero laboriosam non.','after the 1st of July','en','2014-07-09T06:56:15+0000','1988-11-30T17:35:26+0000',1,0,8,17,10,6,1,'00aef3'),(18,'2015-06-29 19:25:24','2015-06-29 19:25:24','Reiciendis aperiam consequatur consequatur quia nihil voluptatem doloribus.',1,2,'Est nesciunt sit odit sint. Vel et eveniet non dicta facilis. Dolorem porro accusantium est nihil praesentium et natus.','after the 1st of July','en','2008-10-16T23:48:20+0000','2013-01-02T00:38:57+0000',0,2,7,16,9,6,2,'00aef3'),(19,'2015-06-29 19:25:24','2015-06-29 19:25:24','Eum accusantium rem numquam a et praesentium.',0,2,'Quo voluptate vel alias eius. Explicabo sapiente error qui iure quod quia. Ea facere optio qui et nobis est. In aliquam consequatur est.','after the 1st of July','en','1974-01-12T08:14:33+0000','1991-09-07T07:36:31+0000',0,5,2,15,6,7,3,'00aef3'),(20,'2015-06-29 19:25:24','2015-06-29 19:25:24','Sed dolores sunt nihil sit officiis molestiae officiis quisquam.',0,2,'Hic error quo qui nisi ea eum eaque. Quia vel aliquam odio quia. Hic sed est repellat. Tempore quo cupiditate necessitatibus ut laudantium impedit sed magnam. Sequi id modi dolor nobis nostrum. Aliquid deserunt minus repudiandae repellat sequi laboriosam adipisci.','after the 1st of July','en','2005-05-23T13:33:01+0000','2014-11-12T05:11:32+0000',1,9,3,30,8,4,1,'00aef3'),(21,'2015-06-29 19:25:24','2015-06-29 19:25:24','Earum eum quia eveniet non dicta error perferendis.',0,8,'Aut non illo incidunt dolorem. Rem incidunt et excepturi omnis omnis repudiandae. Esse et repellendus repellat minus velit dicta. Quo ut quae assumenda et veritatis. Amet adipisci non ut distinctio. Itaque iste voluptates rerum ipsam.','after the 1st of July','en','1993-04-07T00:53:33+0000','1979-09-01T03:17:18+0000',0,7,8,14,0,9,3,'00aef3'),(22,'2015-06-29 19:25:24','2015-06-29 19:25:24','Ex velit nam unde adipisci est minima sapiente.',1,5,'Vel necessitatibus voluptates labore reprehenderit delectus natus omnis. Autem dolorem minus eligendi debitis debitis sit libero vel. Minus officiis autem dolores. A qui ut eos soluta ut. Nesciunt eveniet placeat ipsam optio. Deleniti repellendus possimus rem facere aut aperiam esse.','after the 1st of July','en','2005-12-28T23:06:42+0000','1979-05-28T15:03:40+0000',1,9,6,5,6,9,0,'00aef3'),(23,'2015-06-29 19:25:24','2015-06-29 19:25:24','Occaecati enim ut fugit dolore vero.',1,8,'Autem in ut quas et voluptates voluptas. Corporis ad in officiis quae. Qui tempore porro recusandae temporibus. Non non ducimus atque blanditiis harum sed. Totam in et ut sit nihil sunt doloribus aut.','after the 1st of July','en','2012-04-09T06:41:48+0000','1991-08-29T23:16:25+0000',1,2,1,11,2,9,3,'00aef3'),(24,'2015-06-29 19:25:24','2015-06-29 19:25:24','Magni mollitia aut esse fuga ipsam consequatur.',1,2,'Libero sequi ratione repellat voluptas aut inventore velit. In ea velit qui minus quod molestiae tenetur. Saepe asperiores placeat reprehenderit. Ut pariatur expedita et aliquid corrupti. Blanditiis ullam nisi ipsam fuga. Iure voluptatem aut distinctio et incidunt.','after the 1st of July','en','1996-08-12T09:24:32+0000','1972-05-02T03:28:02+0000',0,4,3,26,10,5,1,'00aef3'),(25,'2015-06-29 19:25:24','2015-06-29 19:25:24','Nihil sed vitae quod fugiat eius unde.',1,1,'Impedit reiciendis sint optio iusto ducimus. Eum quia hic magnam molestias. Odio officiis provident neque et ut natus nam. Dolorum tenetur corrupti eligendi consequatur voluptas perspiciatis nihil consequatur.','after the 1st of July','en','2015-04-22T06:57:38+0000','1977-12-09T18:25:12+0000',0,6,9,22,8,8,2,'00aef3'),(26,'2015-06-29 19:25:24','2015-06-29 19:25:24','Hic eveniet optio et sapiente et ut ex.',1,4,'Veritatis recusandae praesentium sit et doloremque. Eius exercitationem a aperiam. Fuga omnis dolores cupiditate excepturi earum quis pariatur. Omnis et aut est doloribus qui omnis. Incidunt quos quasi quisquam distinctio aliquid. In quos facilis placeat et molestias fuga.','after the 1st of July','en','1997-10-18T04:17:41+0000','2012-09-18T21:43:51+0000',1,2,3,19,7,6,2,'00aef3'),(27,'2015-06-29 19:25:24','2015-06-29 19:25:24','Nihil nesciunt quas dolor.',0,8,'Rerum quia quasi ut ducimus nisi et. Velit rerum accusantium unde ut cupiditate accusamus voluptatem. Quaerat nihil magnam dolores fuga fugiat culpa cum in. Eum qui corrupti qui officia quibusdam a.','after the 1st of July','en','2005-03-05T06:21:44+0000','2007-04-11T09:30:35+0000',1,7,6,18,9,5,1,'00aef3'),(28,'2015-06-29 19:25:24','2015-06-29 19:25:24','Voluptatibus aspernatur odit eveniet repellendus nemo.',1,9,'Aut quos sed sint beatae minima. Dolorum inventore non ea sequi deleniti necessitatibus. Dolorem voluptatem autem recusandae beatae. Quis nihil non id nemo voluptas recusandae. Vel veniam aut eligendi. Velit aliquam quam dolorum voluptate.','after the 1st of July','en','1978-10-06T00:53:01+0000','2015-03-04T14:34:35+0000',1,5,5,19,2,4,1,'00aef3'),(29,'2015-06-29 19:25:24','2015-06-29 19:25:24','Provident qui exercitationem autem aliquam laudantium.',1,3,'Quo dolorem neque quidem ea qui aut consequatur. Adipisci expedita placeat assumenda. Sapiente molestias temporibus sint atque et et.','after the 1st of July','en','1978-10-08T03:22:23+0000','1988-01-19T01:52:01+0000',0,0,7,9,7,7,1,'00aef3'),(30,'2015-06-29 19:25:24','2015-06-29 19:25:24','Soluta quam commodi qui ipsum.',0,2,'Et qui voluptas quia ut nostrum ea. Qui veritatis error culpa cupiditate autem. Sit blanditiis ex odio impedit voluptatem deserunt nemo.','after the 1st of July','en','1995-08-03T01:50:25+0000','1977-08-09T22:23:21+0000',1,2,0,0,9,10,0,'00aef3'),(31,'2015-06-29 19:25:24','2015-06-29 19:25:24','Iste hic ut voluptas quo vero nam non perspiciatis.',0,3,'Illum sunt qui est odio velit. Quo omnis consequatur dicta alias excepturi in ut. Vel est et veniam. Id laboriosam labore aspernatur autem velit.','after the 1st of July','en','2014-04-01T06:51:25+0000','2015-03-20T10:36:17+0000',0,7,2,27,1,5,3,'00aef3'),(32,'2015-06-29 19:25:24','2015-06-29 19:25:24','Nisi et eius sint sunt similique.',1,9,'Saepe ullam laboriosam voluptatem aut et quia earum. Quia porro et eos et aut quo officia. Necessitatibus eligendi dicta blanditiis. Aspernatur excepturi officiis eos. Quod a sapiente nulla voluptatibus beatae eveniet sed cumque.','after the 1st of July','en','2007-09-20T00:50:16+0000','2005-07-26T00:20:21+0000',0,9,5,12,4,7,2,'00aef3'),(33,'2015-06-29 19:25:24','2015-06-29 19:25:24','Aperiam veritatis itaque corporis voluptatem sed dolorem.',1,7,'Rerum voluptas ut voluptas quaerat quos praesentium explicabo ut. Dolores quisquam autem soluta vel sequi minima perspiciatis voluptas. Molestiae voluptatibus molestias qui repellat vel dignissimos. Consequuntur voluptatem hic dicta sapiente nesciunt totam assumenda.','after the 1st of July','en','1974-04-07T12:53:13+0000','1983-03-11T15:44:21+0000',0,3,2,5,0,7,3,'00aef3'),(34,'2015-06-29 19:25:24','2015-06-29 19:25:24','Porro totam officiis minus ducimus ut id et.',0,10,'Velit est quasi repudiandae facilis et delectus. Delectus sapiente ratione esse accusantium. Fugit aut dolorem iste facere impedit.','after the 1st of July','en','1988-09-25T06:32:10+0000','1973-09-26T07:49:09+0000',0,4,8,10,4,4,0,'00aef3'),(35,'2015-06-29 19:25:24','2015-06-29 19:25:24','Quos eligendi est ullam natus.',1,6,'Nostrum quaerat tempore accusantium expedita sint. Sed vero et perferendis ratione pariatur qui. Totam quae atque quisquam itaque eligendi aut omnis.','after the 1st of July','en','1982-06-24T18:29:09+0000','2010-10-04T19:07:23+0000',1,4,2,18,6,10,0,'00aef3'),(36,'2015-06-29 19:25:24','2015-06-29 19:25:24','Earum ut natus est dolor soluta reprehenderit.',0,6,'Et aut est aut animi. Recusandae voluptate hic dolores. Itaque sunt officia voluptatem. Ut quos ab distinctio animi.','after the 1st of July','en','1972-10-24T03:17:14+0000','2013-03-02T08:26:54+0000',0,8,0,0,10,5,2,'00aef3'),(37,'2015-06-29 19:25:24','2015-06-29 19:25:24','Et sint dolore veritatis velit quasi et architecto.',1,10,'Quibusdam ut officia quo et. Aut exercitationem possimus harum vitae at tempore. Est perferendis et hic dolor rerum.','after the 1st of July','en','1972-05-11T03:54:21+0000','1990-10-10T14:39:23+0000',1,5,0,20,3,7,2,'00aef3'),(38,'2015-06-29 19:25:24','2015-06-29 19:25:24','Deserunt sint occaecati dolorum atque est nesciunt.',1,4,'Voluptas ut deserunt fugiat libero labore nihil ipsa commodi. Molestiae aperiam exercitationem sunt illo asperiores rerum consequatur odio. Modi dicta mollitia excepturi aut.','after the 1st of July','en','2007-01-05T23:26:11+0000','1970-09-28T08:29:48+0000',0,0,1,23,4,4,2,'00aef3'),(39,'2015-06-29 19:25:24','2015-06-29 19:25:24','Ipsum voluptas nisi iure dolore velit quidem ipsum.',1,5,'Veritatis ea praesentium commodi et rerum. Ratione libero aut officiis ea tempore cum. In eligendi voluptatibus est voluptas rem.','after the 1st of July','en','1977-07-30T07:57:25+0000','1974-12-22T15:45:49+0000',0,2,7,5,5,4,1,'00aef3'),(40,'2015-06-29 19:25:24','2015-06-29 19:25:24','Et atque provident nostrum.',0,4,'Recusandae quo tempora voluptatem. Ipsum accusamus magnam quisquam molestiae alias dolor reiciendis. Dicta sunt est hic repellendus aut rerum. Reiciendis et velit aliquid quibusdam et. Earum ea nemo placeat velit quis. Sint suscipit corporis doloribus est deserunt.','after the 1st of July','en','1980-10-19T17:59:03+0000','2001-02-19T21:05:49+0000',0,9,0,4,3,8,2,'00aef3'),(41,'2015-06-29 19:25:24','2015-06-29 19:25:24','Quo laborum architecto distinctio.',0,2,'Iusto ipsa nesciunt molestiae quae sed omnis. Delectus quisquam cumque aspernatur. Fugiat et aut sint odio velit. Cumque vero sapiente voluptatem pariatur. Id iste et debitis laudantium. Laborum architecto maxime ut.','after the 1st of July','en','2014-12-22T20:11:49+0000','1984-08-31T03:13:49+0000',0,1,9,24,9,8,3,'00aef3'),(42,'2015-06-29 19:25:24','2015-06-29 19:25:24','Numquam vero qui modi at.',0,6,'Aut harum porro blanditiis hic autem repellat quia aperiam. Accusamus aut fugit eaque a itaque commodi cum. Earum perferendis dicta alias maiores. Porro ut provident consequatur dolorem repellendus. Cumque commodi tempore harum optio cumque quia.','after the 1st of July','en','1981-02-06T05:00:48+0000','1987-04-08T22:17:56+0000',1,5,9,13,2,7,3,'00aef3'),(43,'2015-06-29 19:25:24','2015-06-29 19:25:24','Recusandae tempore sed qui nemo nemo repellendus labore.',1,10,'Voluptas voluptatem rerum quae soluta veniam. Dolorum nobis molestiae laborum. Ut ut ducimus provident sed error quasi. Reiciendis quisquam aliquid sequi dolore. Doloribus qui architecto ut exercitationem voluptate quas. Nisi recusandae omnis id est quod inventore.','after the 1st of July','en','1986-01-28T10:23:38+0000','2000-08-25T01:38:54+0000',1,4,6,3,1,9,0,'00aef3'),(44,'2015-06-29 19:25:24','2015-06-29 19:25:24','Non iste amet qui tempora rerum.',1,9,'Ipsum voluptatum animi non libero. Voluptatum reiciendis fugiat culpa quo numquam in quas. Eos neque ut rem. Tempore ipsam et sed et quis aut rerum quia. Vel non beatae fugit et mollitia. Quidem fugiat ut quia nisi doloribus culpa error.','after the 1st of July','en','1982-03-09T07:29:04+0000','1973-10-19T15:22:19+0000',0,3,3,6,3,5,1,'00aef3'),(45,'2015-06-29 19:25:24','2015-06-29 19:25:24','Et enim omnis repellendus nihil magnam quis aliquam quibusdam.',1,9,'Ut blanditiis est et est assumenda non. Qui eveniet omnis quaerat voluptas. Aut ducimus et et id et voluptatem ullam. Ut voluptatem enim veniam incidunt. Numquam harum ut sunt in nisi ipsum aut. Aliquid voluptas qui aut in accusamus atque.','after the 1st of July','en','1996-04-05T12:44:47+0000','2004-01-26T15:51:10+0000',1,8,10,11,2,7,1,'00aef3'),(46,'2015-06-29 19:25:24','2015-06-29 19:25:24','Cum expedita voluptate quidem sed autem.',0,5,'Ut corporis quas voluptas itaque voluptas eum qui. Ut harum ut eveniet. Qui nam dignissimos porro. Voluptatem consequatur velit velit tenetur. Laudantium consequuntur officia sit accusantium et libero.','after the 1st of July','en','2013-03-27T23:40:22+0000','2011-05-01T04:39:11+0000',1,1,8,21,3,5,3,'00aef3'),(47,'2015-06-29 19:25:24','2015-06-29 19:25:24','Blanditiis earum magni quo similique delectus corrupti at.',0,1,'Mollitia rerum impedit quas mollitia consequatur. Dolorum sint reprehenderit fuga. Culpa consequatur officia praesentium ea est mollitia quo. Placeat et quos atque velit qui.','after the 1st of July','en','1982-03-10T14:32:58+0000','1997-09-23T20:06:54+0000',1,0,9,2,2,5,0,'00aef3'),(48,'2015-06-29 19:25:24','2015-06-29 19:25:24','Quis consequuntur blanditiis voluptate sint enim rem dolorum.',0,8,'Maiores in deserunt odio distinctio accusantium. Cum veniam dignissimos fugiat. Officiis quia quis minus expedita sint. Non consequuntur hic nesciunt eaque.','after the 1st of July','en','1978-09-28T05:31:39+0000','1999-07-13T01:40:54+0000',1,7,4,11,1,8,3,'00aef3'),(49,'2015-06-29 19:25:24','2015-06-29 19:25:24','Sequi inventore quia iure voluptates cumque accusamus quo quas.',0,9,'Ea ut voluptatem aut voluptatem cumque ducimus eos. Ut soluta non qui autem quia autem voluptatum. Doloribus rerum nulla a qui alias facilis odio. Enim libero quam quaerat vel omnis ullam.','after the 1st of July','en','2012-04-23T09:49:45+0000','2004-04-25T06:57:21+0000',1,4,0,5,2,8,3,'00aef3'),(50,'2015-06-29 19:25:24','2015-06-29 19:25:24','Veritatis omnis iusto autem perferendis assumenda excepturi est voluptatem.',0,6,'Molestias eveniet ea nihil assumenda consequatur consectetur. Illo sit nulla et voluptatem ut et atque. Sit aliquid est quibusdam vitae. Suscipit laborum et consequatur dicta rerum qui.','after the 1st of July','en','1980-09-03T23:24:54+0000','2012-11-13T18:08:20+0000',1,2,1,23,9,4,0,'00aef3');
/*!40000 ALTER TABLE `tasks` ENABLE KEYS */;
UNLOCK TABLES;

--
-- Dumping data for table `users`
--

LOCK TABLES `users` WRITE;
/*!40000 ALTER TABLE `users` DISABLE KEYS */;
REPLACE INTO `users` (`id`, `username`, `name`, `avatar`, `email`, `password`, `remember_token`, `created_at`, `updated_at`) VALUES (1,'ilemke','Jessika Deckow','','kunze.cheyenne@hotmail.com','~{jg[p.C<W.T','GwSLU3bIcK','2015-06-29 19:25:23','2015-06-29 19:25:23'),(2,'cleta.stiedemann','Frederique Kessler','','trudie59@hotmail.com','$~!<:+#mL!*U','bwxKa07aHi','2015-06-29 19:25:23','2015-06-29 19:25:23'),(3,'alana.schimmel','Hunter Schneider','','mckayla.wuckert@gmail.com','>,DWo_*yJ1y`@Uv','nsHW9CHxfp','2015-06-29 19:25:23','2015-06-29 19:25:23'),(4,'wolff.gregory','Ms. Shyann Bechtelar Jr.','','omante@ratke.com','d[UOC&W\'C{UXx','dSjXS5o7cD','2015-06-29 19:25:23','2015-06-29 19:25:23'),(5,'jessika.johnson','Prof. Cathryn Smitham','','josianne84@erdman.biz','31:f$R&Lul|%y;J~','LXgH4vaRRU','2015-06-29 19:25:23','2015-06-29 19:25:23'),(6,'stephany24','Sid Murray','','janice88@jenkins.com','k%.gWL4gB[.','PATE1rEZvJ','2015-06-29 19:25:23','2015-06-29 19:25:23'),(7,'vwillms','Rashawn Braun I','','muller.ashtyn@hotmail.com','SKci.UT*L>Wp','efT7ReQkNJ','2015-06-29 19:25:23','2015-06-29 19:25:23'),(8,'dooley.lura','George Nicolas','','beier.scottie@hotmail.com','&v?f(cZ?,xPF>&~Fc=','3Ui9Ohkxa5','2015-06-29 19:25:23','2015-06-29 19:25:23'),(9,'claud89','Maryse Jones','','rmosciski@yahoo.com','YFtyBtXlwOb9m&','h7O74CNlZe','2015-06-29 19:25:23','2015-06-29 19:25:23'),(10,'kstanton','Dr. Noel Torphy','','kvolkman@hotmail.com','=K&BnH3.^D','qaiTLnEnV9','2015-06-29 19:25:23','2015-06-29 19:25:23'),(11,'powlowski.jerod','Prof. Philip Homenick','','aric14@glover.com','/d:#X)tU2)BqREik2yt','DPw1uLM6am','2015-06-29 19:25:23','2015-06-29 19:25:23'),(12,'nader.hazle','Alberto Schowalter','','wabbott@fritsch.com','>QIv,~\\g','8L85NDy1WO','2015-06-29 19:25:23','2015-06-29 19:25:23'),(13,'joanie.mohr','Prof. Kiana Feeney V','','willa.lakin@purdy.com','d>;61kM<rs|h','RREEOv5ax2','2015-06-29 19:25:23','2015-06-29 19:25:23'),(14,'fkautzer','Mr. London Hamill','','shields.ursula@yahoo.com','.G6g,r\"tbiF{)h}f%uJ','KRHkX28m3t','2015-06-29 19:25:23','2015-06-29 19:25:23'),(15,'wisoky.murray','Caroline Mann','','bartell.lavinia@gmail.com','J%Hb9N?]-.]U%T72`{5J','CSOHZkrIVX','2015-06-29 19:25:23','2015-06-29 19:25:23'),(16,'peter83','Ms. Carlotta Ernser III','','felicita13@carter.net','UOs}q@/-E~7WsyQVn','ELFUsH3S0Y','2015-06-29 19:25:23','2015-06-29 19:25:23'),(17,'sylvester.hane','Ms. Calista Windler','','sonia42@kessler.com','7XE(n~g7|N=:PaOmj','sdZZ8vh2eU','2015-06-29 19:25:23','2015-06-29 19:25:23'),(18,'trevor.effertz','Delia Lesch','','richmond.gerhold@swift.org','@rE7biqYzJ94:4s\'','5NnkuSkGTE','2015-06-29 19:25:23','2015-06-29 19:25:23'),(19,'brenden52','Addison Auer','','qdibbert@yahoo.com','p5}u~*XkdzbP3j7v','qMAWiWpXGq','2015-06-29 19:25:23','2015-06-29 19:25:23'),(20,'wilkinson.clotilde','Mrs. Destini Hackett','','grimes.adan@runte.com','fW;Kf$V7','qWLgPyCqAe','2015-06-29 19:25:23','2015-06-29 19:25:23'),(21,'tbeier','Jon Jenkins Jr.','','yoreilly@ward.biz','qMOKYN|P:X','ajyxk9RE8f','2015-06-29 19:25:23','2015-06-29 19:25:23'),(22,'ustroman','Prof. D\'angelo O\'Hara DDS','','powlowski.belle@hotmail.com','[dI8Nu)Jj|z/r','VWIuu2IedL','2015-06-29 19:25:23','2015-06-29 19:25:23'),(23,'yasmine26','Arthur Cassin','','darrion59@gmail.com','7v1#&.$s9!(5>','0GhxTVofX3','2015-06-29 19:25:23','2015-06-29 19:25:23'),(24,'gina52','Dillon Bahringer','','bianka46@hotmail.com','UM)b-dy|fi%rI\"Q]','5rQwmCIqAU','2015-06-29 19:25:23','2015-06-29 19:25:23'),(25,'cormier.stephany','Everardo Wuckert','','xsenger@fadel.org','XSLZG=B@8E4/K','8KXUEa1BIp','2015-06-29 19:25:23','2015-06-29 19:25:23'),(26,'diego22','Arvilla Mayert','','antwon74@bode.com','U)).5CdJ-VzPfv','iHj9AWZum1','2015-06-29 19:25:23','2015-06-29 19:25:23'),(27,'jakubowski.jalyn','Miss Crystel Rohan II','','quitzon.ayla@gmail.com','w;}~CR&\\l','95XLGh1qJW','2015-06-29 19:25:23','2015-06-29 19:25:23'),(28,'evon','Deshaun Krajcik','','kuhlman.gordon@yahoo.com','CANl=s+sKU1Ag.','YDRWIqNB3t','2015-06-29 19:25:23','2015-06-29 19:25:23'),(29,'felipa41','August Turner','','yzemlak@gmail.com','f-f3L_tkx*','Wv04pSOJFW','2015-06-29 19:25:23','2015-06-29 19:25:23'),(30,'opal50','Celestine Botsford','','nrussel@runolfsdottir.com','*;Z$^R~vS','GbgSmB06bc','2015-06-29 19:25:23','2015-06-29 19:25:23'),(31,'nichole61','Lily Ondricka','','leuschke.lucienne@yahoo.com','l_9N(r~!@\'tngcO','6QaWq4Bj1c','2015-06-29 19:25:23','2015-06-29 19:25:23'),(32,'zmonahan','Vance Dickinson','','kcrooks@gmail.com','{XL9mhsH/K5Fzvi(','ufERmrxq5J','2015-06-29 19:25:23','2015-06-29 19:25:23'),(33,'hilma37','Ignatius Blick','','enola.keebler@weissnat.com','8z*R5`@.hE?','mcJCGYadPh','2015-06-29 19:25:23','2015-06-29 19:25:23'),(34,'gwen.beier','Aglae Schamberger','','fkemmer@gmail.com','Qs\\jg{<,)a3H5','HSU3gBC2LY','2015-06-29 19:25:23','2015-06-29 19:25:23'),(35,'qbergstrom','Litzy Witting','','kira.parker@bechtelar.com','oz%Mip2f6BSOD5k','OCQhOg105U','2015-06-29 19:25:23','2015-06-29 19:25:23'),(36,'hand.jennyfer','Kaley O\'Connell III','','marcelino32@gmail.com','G?N<N1WYW[+xocfV#TM','wLRygl5btz','2015-06-29 19:25:23','2015-06-29 19:25:23'),(37,'cathy.veum','Miss Danyka Doyle','','alangworth@walter.com','WlJy|>5i6HG}','41Nisynk17','2015-06-29 19:25:23','2015-06-29 19:25:23'),(38,'jtowne','Ceasar Walter','','ykutch@yahoo.com','tj.9pxO,2y]ukEigR','e4kPnrxHWT','2015-06-29 19:25:23','2015-06-29 19:25:23'),(39,'celine83','Colton Hackett','','king.waino@grady.biz','#w]H{o(QRu|+Lf.ZQj','X2k0Cc37Gc','2015-06-29 19:25:23','2015-06-29 19:25:23'),(40,'cory38','Cletus Rath','','lucious21@deckow.net','}S>GeIgg{MOg','U77pPxc7cP','2015-06-29 19:25:23','2015-06-29 19:25:23'),(41,'hirthe.nya','Geoffrey Dooley','','dmann@hotmail.com','LY{;^LaFnwN','3FxHFIebci','2015-06-29 19:25:23','2015-06-29 19:25:23'),(42,'gleichner.dovie','Dayton Sipes','','bergstrom.emma@hand.com','OPXcUF<P&3@','Mj8jsbCsUg','2015-06-29 19:25:23','2015-06-29 19:25:23'),(43,'wdeckow','Therese O\'Conner','','gideon22@yahoo.com','+~$;zD!~wt_P0m<EC6','1ORxAooml8','2015-06-29 19:25:23','2015-06-29 19:25:23'),(44,'bogisich.manuela','Rowland Brekke','','teagan.braun@hotmail.com','af?%_1\'@==TG1@tq','E3vIQX4oK8','2015-06-29 19:25:24','2015-06-29 19:25:24'),(45,'willa.fritsch','Mrs. Nayeli Ryan','','kutch.sharon@skiles.info','cm$%7*~868`Z','DgKaB5tM0t','2015-06-29 19:25:24','2015-06-29 19:25:24'),(46,'xwilliamson','Ms. Francesca Kerluke','','millie14@gmail.com','R4Z;9-','3x3P2cqgFN','2015-06-29 19:25:24','2015-06-29 19:25:24'),(47,'mmurray','Mr. Nikolas Walter','','pbreitenberg@greenholt.biz','4DV+#v(@EH$8yRBD','z8leaynJ0l','2015-06-29 19:25:24','2015-06-29 19:25:24'),(48,'kub.nannie','Delphine Bernhard','','cblock@hettinger.org','^~i])MJ:H$7','3WhWz584Rj','2015-06-29 19:25:24','2015-06-29 19:25:24'),(49,'kleannon','Dr. Rodrick Toy DVM','','fmckenzie@goodwin.com','Xe&(AA}{\"wAC==','5R3p62OHBy','2015-06-29 19:25:24','2015-06-29 19:25:24'),(50,'grant38','Elise Treutel','','edd.kassulke@frami.net','yePAMYG{b','RlxLc3IPEm','2015-06-29 19:25:24','2015-06-29 19:25:24');
/*!40000 ALTER TABLE `users` ENABLE KEYS */;
UNLOCK TABLES;
/*!40103 SET TIME_ZONE=@OLD_TIME_ZONE */;

/*!40101 SET SQL_MODE=@OLD_SQL_MODE */;
/*!40014 SET FOREIGN_KEY_CHECKS=@OLD_FOREIGN_KEY_CHECKS */;
/*!40014 SET UNIQUE_CHECKS=@OLD_UNIQUE_CHECKS */;
/*!40101 SET CHARACTER_SET_CLIENT=@OLD_CHARACTER_SET_CLIENT */;
/*!40101 SET CHARACTER_SET_RESULTS=@OLD_CHARACTER_SET_RESULTS */;
/*!40101 SET COLLATION_CONNECTION=@OLD_COLLATION_CONNECTION */;
/*!40111 SET SQL_NOTES=@OLD_SQL_NOTES */;

-- Dump completed on 2015-06-29 11:36:28
